N,node size,build horizontal(s),build vertical(s),seq search(s),binary search(s), simd search(s)
33554432,8,0.132039,0.213526,2.1151,2.20389,3.15728,
33554432,16,0.12401,0.190849,2.17956,2.02516,2.95341,
33554432,24,0.238166,0.183715,2.36357,1.96647,3.02086,
