N,node size,build horizontal(s),build vertical(s),seq search(s),binary search(s), simd search(s)
33554432,8,0.0440135,0.0440958,0.433545,0.455054,0.550605,
33554432,16,0.0938725,0.041052,0.487262,0.429467,0.561735,
33554432,24,0.181067,0.0407117,0.528462,0.414877,0.613422,
