N,node size,build horizontal(s),build vertical(s),seq search(s),binary search(s), simd search(s)
33554432,8,0.129214,0.211939,2.07499,2.41145,3.36024,
33554432,16,0.123332,0.191927,2.14224,2.23472,3.13543,
33554432,24,0.238085,0.187423,2.30855,2.19042,3.1866,
