N,node size,build horizontal(s),build vertical(s),seq search(s),binary search(s), simd search(s)
33554432,8,0.0430082,0.0443471,0.459042,0.496918,0.570494,
33554432,16,0.0915447,0.0431669,0.500898,0.479351,0.604829,
33554432,24,0.179787,0.0434105,0.554293,0.517934,0.679745,
