N,node size,build horizontal(s),build vertical(s),seq search(s),binary search(s), simd search(s)
33554432,8,0.02517,0.0375791,0.428493,0.437954,
33554432,16,0.0733995,0.0352544,0.503397,0.431527,0.420122,
33554432,24,0.107852,0.035658,0.536587,0.395463,
33554432,32,0.0210013,0.0378101,0.634865,0.376323,0.417863,
