N,node size,build horizontal(s),build vertical(s),seq search(s),binary search(s), simd search(s)
33554432,8,0.0307188,0.0489775,0.529346,0.576303,
33554432,16,0.0771985,0.0455263,0.557514,0.534967,0.629709,
33554432,24,0.110316,0.0454401,0.595553,0.523507,
33554432,32,0.0276115,0.0437435,0.690292,0.480391,0.547537,
