N,node size,build horizontal(s),build vertical(s),seq search(s),binary search(s), simd search(s)
33554432,8,0.050466,0.0581933,0.556404,0.554741,0.805176,
33554432,16,0.101246,0.0546502,0.583359,0.541541,0.786414,
33554432,24,0.184816,0.0534296,0.610971,0.508829,0.80079,
