N,node size,build horizontal(s),build vertical(s),seq search(s),binary search(s), simd search(s)
33554432,8,0.0825193,0.109805,1.08477,1.21271,1.69113,
33554432,16,0.110175,0.101774,1.10882,1.1477,1.62021,
33554432,24,0.213731,0.100086,1.16365,1.12176,1.63597,
