N,node size,build horizontal(s),build vertical(s),seq search(s),binary search(s), simd search(s)
33554432,8,0.0753202,0.113421,1.0894,1.09972,1.581,
33554432,16,0.108496,0.101788,1.1312,1.05566,1.51979,
33554432,24,0.214175,0.099998,1.19597,1.0121,1.54133,
