N,node size,build horizontal(s),build vertical(s),seq search(s),binary search(s), simd search(s)
33554432,8,0.0516411,0.0576821,0.541886,0.608101,0.86283,
33554432,16,0.0991157,0.0531458,0.600896,0.593415,0.861098,
33554432,24,0.187386,0.0548869,0.593786,0.572205,0.870835,
